id,title,registry,registry_name,category,full_name,type,audience,google_file_id,google_file_name,share_link,pdf_link,source,review,notes
tools-ald,ALD SOP,tools,ALD,Deposition,,procedure,user,13ZXev9NXbltwLdRk76AbLV_IsnMcdnw-pK4Ytmj8YJc,ALD SOP,https://docs.google.com/document/d/13ZXev9NXbltwLdRk76AbLV_IsnMcdnw-pK4Ytmj8YJc/edit?usp=sharing,https://docs.google.com/document/d/13ZXev9NXbltwLdRk76AbLV_IsnMcdnw-pK4Ytmj8YJc/export?format=pdf,registry,ok,
tools-metal-evap,Metal Evap SOP,tools,Metal Evap,Deposition,,procedure,user,1UN-jwGXj1MgKG_DcL0Pjg06Q0h_o_oWUWd3saSPNCxk,Metal Evaporator SOP,https://docs.google.com/document/d/1UN-jwGXj1MgKG_DcL0Pjg06Q0h_o_oWUWd3saSPNCxk/edit?usp=sharing,https://docs.google.com/document/d/1UN-jwGXj1MgKG_DcL0Pjg06Q0h_o_oWUWd3saSPNCxk/export?format=pdf,registry,ok,
tools-organic-evap,Organic Evap SOP,tools,Organic Evap,Deposition,,procedure,user,1_GuCjeccX-jVpvjYN3VdQHAqRQzjFMkkwiHjFlsDaZI,Organic Evaporator SOP,https://docs.google.com/document/d/1_GuCjeccX-jVpvjYN3VdQHAqRQzjFMkkwiHjFlsDaZI/edit?usp=sharing,https://docs.google.com/document/d/1_GuCjeccX-jVpvjYN3VdQHAqRQzjFMkkwiHjFlsDaZI/export?format=pdf,registry,ok,
tools-thermal-evap,Thermal Evap SOP,tools,Thermal Evap,Deposition,,procedure,user,1XmcgTR4KJSk2_5zVrSb0KT16OabZz5VcCGGa1UyJi4s,Thermal Evaporator SOP,https://docs.google.com/document/d/1XmcgTR4KJSk2_5zVrSb0KT16OabZz5VcCGGa1UyJi4s/edit?usp=sharing,https://docs.google.com/document/d/1XmcgTR4KJSk2_5zVrSb0KT16OabZz5VcCGGa1UyJi4s/export?format=pdf,registry,ok,
tools-aja-sputter,AJA Sputter SOP,tools,AJA Sputter,Deposition,,procedure,user,1ZxRo_R4RzLxKZ7h_I2hFphAH187e9qq2U4bBf5n4lOg,AJA Sputter SOP,https://docs.google.com/document/d/1ZxRo_R4RzLxKZ7h_I2hFphAH187e9qq2U4bBf5n4lOg/edit?usp=sharing,https://docs.google.com/document/d/1ZxRo_R4RzLxKZ7h_I2hFphAH187e9qq2U4bBf5n4lOg/export?format=pdf,registry,ok,
tools-pecvd,PECVD SOP,tools,PECVD,Deposition,,procedure,user,1q-4YgUklqppoQipswF7NygH4oarlqO2lo9nTGDubHhk,PECVD SOP,https://docs.google.com/document/d/1q-4YgUklqppoQipswF7NygH4oarlqO2lo9nTGDubHhk/edit?usp=sharing,https://docs.google.com/document/d/1q-4YgUklqppoQipswF7NygH4oarlqO2lo9nTGDubHhk/export?format=pdf,registry,ok,
tools-gold-sputter,Gold Sputter SOP,tools,Gold Sputter,Deposition,,procedure,user,1CEDzZpsaCl18r2u3Z_2YnZJjB6EAYobtiUnn9lpl9LY,Gold Sputter Coater SOP,https://docs.google.com/document/d/1CEDzZpsaCl18r2u3Z_2YnZJjB6EAYobtiUnn9lpl9LY/edit?usp=sharing,https://docs.google.com/document/d/1CEDzZpsaCl18r2u3Z_2YnZJjB6EAYobtiUnn9lpl9LY/export?format=pdf,registry,check,"Drive file is its own doc, but the SOP title inside it matches the AJA Orion 8 sputter SOP. Confirm the file."
tools-icp-cl,ICP-Cl SOP,tools,ICP-Cl,Etching,,procedure,user,1ptTwQFwkZXMfj5kJUGXTWLBkJ6nIfmFmzOoVM4ivMz4,ICP-Cl SOP,https://docs.google.com/document/d/1ptTwQFwkZXMfj5kJUGXTWLBkJ6nIfmFmzOoVM4ivMz4/edit?usp=sharing,https://docs.google.com/document/d/1ptTwQFwkZXMfj5kJUGXTWLBkJ6nIfmFmzOoVM4ivMz4/export?format=pdf,registry,ok,
tools-rie,RIE SOP,tools,RIE,Etching,,procedure,user,1IaniDFz65Ywijamk3f5YETyXLmCPBjYZ47sSgO8O6DE,RIE SOP,https://docs.google.com/document/d/1IaniDFz65Ywijamk3f5YETyXLmCPBjYZ47sSgO8O6DE/edit?usp=sharing,https://docs.google.com/document/d/1IaniDFz65Ywijamk3f5YETyXLmCPBjYZ47sSgO8O6DE/export?format=pdf,registry,ok,
tools-icp-fl,ICP-Fl SOP,tools,ICP-Fl,Etching,,procedure,user,134y0mBFL0VjC1F5kO6U1BMUVSfikEUZUemUuRE5o-aQ,ICP-Fl SOP,https://docs.google.com/document/d/134y0mBFL0VjC1F5kO6U1BMUVSfikEUZUemUuRE5o-aQ/edit?usp=sharing,https://docs.google.com/document/d/134y0mBFL0VjC1F5kO6U1BMUVSfikEUZUemUuRE5o-aQ/export?format=pdf,registry,ok,
tools-nanoscribe,Nanoscribe SOP,tools,Nanoscribe,Lithography,,procedure,user,1L4zLClXwaq7xw9K1aaVvXxmGVu2fVdstCTqypNmvXOw,Nanoscribe SOP,https://docs.google.com/document/d/1L4zLClXwaq7xw9K1aaVvXxmGVu2fVdstCTqypNmvXOw/edit?usp=sharing,https://docs.google.com/document/d/1L4zLClXwaq7xw9K1aaVvXxmGVu2fVdstCTqypNmvXOw/export?format=pdf,registry,ok,
tools-mask-aligner,Mask Aligner SOP,tools,Mask Aligner,Lithography,,procedure,user,1cds236-fRol1RoqzUvsCR4YPsqeyf5Yum19WReIJFl8,Mask Aligner SOP,https://docs.google.com/document/d/1cds236-fRol1RoqzUvsCR4YPsqeyf5Yum19WReIJFl8/edit?usp=sharing,https://docs.google.com/document/d/1cds236-fRol1RoqzUvsCR4YPsqeyf5Yum19WReIJFl8/export?format=pdf,registry,ok,
tools-spinner,Spinner SOP,tools,Spinner,Lithography,,procedure,user,1H33fEMQOaZ6IegQyybm0pJRTaQjPmYC0ar2dVD6sJwM,Spinners SOP,https://docs.google.com/document/d/1H33fEMQOaZ6IegQyybm0pJRTaQjPmYC0ar2dVD6sJwM/edit?usp=sharing,https://docs.google.com/document/d/1H33fEMQOaZ6IegQyybm0pJRTaQjPmYC0ar2dVD6sJwM/export?format=pdf,registry,ok,
tools-hot-plates,Hot Plates SOP,tools,Hot Plates,Lithography,,procedure,user,1lzJ2D_izEUCCXlF7XG8gEiAwup2btTmb8DAzQv20AQ8,Hot Plates SOP,https://docs.google.com/document/d/1lzJ2D_izEUCCXlF7XG8gEiAwup2btTmb8DAzQv20AQ8/edit?usp=sharing,https://docs.google.com/document/d/1lzJ2D_izEUCCXlF7XG8gEiAwup2btTmb8DAzQv20AQ8/export?format=pdf,registry,ok,
tools-elionix-100kev,Elionix 100keV SOP,tools,Elionix 100keV,Lithography,,procedure,user,1cOrrlJ8EToXcZ4G9Xtm8EBx-b4wHd6OidtbHtsJkXLc,Elionix_100keV_SOP,https://docs.google.com/document/d/1cOrrlJ8EToXcZ4G9Xtm8EBx-b4wHd6OidtbHtsJkXLc/edit?usp=sharing,https://docs.google.com/document/d/1cOrrlJ8EToXcZ4G9Xtm8EBx-b4wHd6OidtbHtsJkXLc/export?format=pdf,registry,ok,
tools-afm,AFM SOP,tools,AFM,Metrology,,procedure,user,1vWchHUJWEjEPmC7fhBNWyf3IMGcx8EHeKd0mEAQ3X0c,AFM SOP,https://docs.google.com/document/d/1vWchHUJWEjEPmC7fhBNWyf3IMGcx8EHeKd0mEAQ3X0c/edit?usp=sharing,https://docs.google.com/document/d/1vWchHUJWEjEPmC7fhBNWyf3IMGcx8EHeKd0mEAQ3X0c/export?format=pdf,registry,ok,
tools-optical-profilometer,Optical Profilometer SOP,tools,Optical Profilometer,Metrology,,procedure,user,1P_gjqrtBJbpDRO05SCl5TCALK-lMi89ykMG46FFzpGI,Optical Profiler SOP,https://docs.google.com/document/d/1P_gjqrtBJbpDRO05SCl5TCALK-lMi89ykMG46FFzpGI/edit?usp=sharing,https://docs.google.com/document/d/1P_gjqrtBJbpDRO05SCl5TCALK-lMi89ykMG46FFzpGI/export?format=pdf,registry,ok,
tools-profilometer,Profilometer SOP,tools,Profilometer,Metrology,,procedure,user,1uDD_bNfVsyvTkWzNPy5QGdm7Z_LQdniKeHbNruE4a1I,Stylus Profiler SOP,https://docs.google.com/document/d/1uDD_bNfVsyvTkWzNPy5QGdm7Z_LQdniKeHbNruE4a1I/edit?usp=sharing,https://docs.google.com/document/d/1uDD_bNfVsyvTkWzNPy5QGdm7Z_LQdniKeHbNruE4a1I/export?format=pdf,registry,ok,
tools-ellipsometer,Ellipsometer SOP,tools,Ellipsometer,Metrology,,procedure,user,1beyiXEaJvjsNaPcidsnvz1DwOyGI37BpkUN3oCp7gmo,Ellipsometer SOP,https://docs.google.com/document/d/1beyiXEaJvjsNaPcidsnvz1DwOyGI37BpkUN3oCp7gmo/edit?usp=sharing,https://docs.google.com/document/d/1beyiXEaJvjsNaPcidsnvz1DwOyGI37BpkUN3oCp7gmo/export?format=pdf,registry,ok,
tools-sem,SEM SOP,tools,SEM,Metrology,,procedure,user,1ewPbWkKfsC5ondHnL8PWIldjZXe1qQ_s_uoc0QVt_BY,SEM SOP,https://docs.google.com/document/d/1ewPbWkKfsC5ondHnL8PWIldjZXe1qQ_s_uoc0QVt_BY/edit?usp=sharing,https://docs.google.com/document/d/1ewPbWkKfsC5ondHnL8PWIldjZXe1qQ_s_uoc0QVt_BY/export?format=pdf,registry,ok,
tools-dicing-saw,Dicing Saw SOP,tools,Dicing Saw,Packaging,,procedure,user,1HBfsM3Lt2x3310cCUOhnfu8L6NcT_e4XFyvLrq5oJIs,Dicing Saw SOP,https://docs.google.com/document/d/1HBfsM3Lt2x3310cCUOhnfu8L6NcT_e4XFyvLrq5oJIs/edit?usp=sharing,https://docs.google.com/document/d/1HBfsM3Lt2x3310cCUOhnfu8L6NcT_e4XFyvLrq5oJIs/export?format=pdf,registry,ok,
chem-aluminum-etch-sop,Aluminum Etch SOP,chem,Aluminum Etch SOP,Etch,,procedure,user,1sY9ryit4Lrh_y8Saq49lXGpBvjVZQ8X8OhuhvA_iZF8,Aluminum Etch SOP,https://docs.google.com/document/d/1sY9ryit4Lrh_y8Saq49lXGpBvjVZQ8X8OhuhvA_iZF8/edit?usp=sharing,https://docs.google.com/document/d/1sY9ryit4Lrh_y8Saq49lXGpBvjVZQ8X8OhuhvA_iZF8/export?format=pdf,registry,ok,
chem-chromium-etch-sop,Chromium Etch SOP,chem,Chromium Etch SOP,Etch,,procedure,user,1KGMAyNuV7d_IKULiMIsnu3mv2qEcMy-Go3yxuJijZLQ,Chromium Etch SOP,https://docs.google.com/document/d/1KGMAyNuV7d_IKULiMIsnu3mv2qEcMy-Go3yxuJijZLQ/edit?usp=sharing,https://docs.google.com/document/d/1KGMAyNuV7d_IKULiMIsnu3mv2qEcMy-Go3yxuJijZLQ/export?format=pdf,registry,ok,
chem-gold-etch-sop,Gold Etch SOP,chem,Gold Etch SOP,Etch,,procedure,user,1ffuyK_5d5dMrEkYlPAlxepmydWzc6R_e42pD5W3brjw,Gold Etch SOP,https://docs.google.com/document/d/1ffuyK_5d5dMrEkYlPAlxepmydWzc6R_e42pD5W3brjw/edit?usp=sharing,https://docs.google.com/document/d/1ffuyK_5d5dMrEkYlPAlxepmydWzc6R_e42pD5W3brjw/export?format=pdf,registry,ok,
chem-hydroflouric-acid-sop,Hydroflouric Acid SOP,chem,Hydroflouric Acid SOP,Etch,,procedure,user,1RVBRcWvxVvR0yamtidYjsd0aanbXqg84ov4ds2PDYB0,Hydrofluoric Acid SOP,https://docs.google.com/document/d/1RVBRcWvxVvR0yamtidYjsd0aanbXqg84ov4ds2PDYB0/edit?usp=sharing,https://docs.google.com/document/d/1RVBRcWvxVvR0yamtidYjsd0aanbXqg84ov4ds2PDYB0/export?format=pdf,registry,ok,
chem-isotropic-silicon-etch-hna-sop,Isotropic Silicon Etch (HNA) SOP,chem,Isotropic Silicon Etch (HNA) SOP,Etch,,procedure,user,1OKt-lxZbpTqgTQaB2xr4tY9Pc04TGJ_Dgq-SYLFo0FM,Isotropic Silicon Etch (HNA) SOP,https://docs.google.com/document/d/1OKt-lxZbpTqgTQaB2xr4tY9Pc04TGJ_Dgq-SYLFo0FM/edit?usp=sharing,https://docs.google.com/document/d/1OKt-lxZbpTqgTQaB2xr4tY9Pc04TGJ_Dgq-SYLFo0FM/export?format=pdf,registry,ok,
chem-nickel-etch-sop,Nickel Etch SOP,chem,Nickel Etch SOP,Etch,,procedure,user,1T6G6K91GHww4PlztrbcEJj7Kibu3BXw-j6RAdp5PAGQ,Nickel Etch SOP,https://docs.google.com/document/d/1T6G6K91GHww4PlztrbcEJj7Kibu3BXw-j6RAdp5PAGQ/edit?usp=sharing,https://docs.google.com/document/d/1T6G6K91GHww4PlztrbcEJj7Kibu3BXw-j6RAdp5PAGQ/export?format=pdf,registry,ok,
chem-piranha-clean-sop,Piranha Clean SOP,chem,Piranha Clean SOP,Etch,,procedure,user,1K4aSGcPMeBPrMqDWhkOVNtJZhjbr77MOZ8vOJRbYkpg,Piranha Clean SOP,https://docs.google.com/document/d/1K4aSGcPMeBPrMqDWhkOVNtJZhjbr77MOZ8vOJRbYkpg/edit?usp=sharing,https://docs.google.com/document/d/1K4aSGcPMeBPrMqDWhkOVNtJZhjbr77MOZ8vOJRbYkpg/export?format=pdf,registry,ok,
chem-rca-clean-sop,RCA Clean SOP,chem,RCA Clean SOP,Etch,,procedure,user,1K4aSGcPMeBPrMqDWhkOVNtJZhjbr77MOZ8vOJRbYkpg,Piranha Clean SOP,https://docs.google.com/document/d/1K4aSGcPMeBPrMqDWhkOVNtJZhjbr77MOZ8vOJRbYkpg/edit?usp=sharing,https://docs.google.com/document/d/1K4aSGcPMeBPrMqDWhkOVNtJZhjbr77MOZ8vOJRbYkpg/export?format=pdf,registry,check,Same Google file as chem-piranha-clean-sop. The chem sheet lists two names for one file id.
chem-litho-development-hood,Litho-Development Hood,chem,Litho-Development Hood,Hood,,procedure,user,15K8HiRoBqTl6__K5GMHitdGn7ybAD6Iga3Qf07gFwt4,Litho-Development Hood,https://docs.google.com/document/d/15K8HiRoBqTl6__K5GMHitdGn7ybAD6Iga3Qf07gFwt4/edit?usp=sharing,https://docs.google.com/document/d/15K8HiRoBqTl6__K5GMHitdGn7ybAD6Iga3Qf07gFwt4/export?format=pdf,registry,ok,
chem-rca-hood,RCA Hood,chem,RCA Hood,Hood,,procedure,user,1Qtl2bvsitV9snJGXmonvmC6lgJgq6zfIud20R6E94i0,RCA Hood,https://docs.google.com/document/d/1Qtl2bvsitV9snJGXmonvmC6lgJgq6zfIud20R6E94i0/edit?usp=sharing,https://docs.google.com/document/d/1Qtl2bvsitV9snJGXmonvmC6lgJgq6zfIud20R6E94i0/export?format=pdf,registry,ok,
chem-solvent-lift-off-hood,Solvent/Lift-Off Hood,chem,Solvent/Lift-Off Hood,Hood,,procedure,user,16OSeeL1jXSGKkX6lI78EIyhBQONfz8GxHnL7XUGWk14,Solvents/Lift-Off Hood,https://docs.google.com/document/d/16OSeeL1jXSGKkX6lI78EIyhBQONfz8GxHnL7XUGWk14/edit?usp=sharing,https://docs.google.com/document/d/16OSeeL1jXSGKkX6lI78EIyhBQONfz8GxHnL7XUGWk14/export?format=pdf,registry,ok,
chem-caustics-metal-etch-hood,Caustics/Metal Etch Hood,chem,Caustics/Metal Etch Hood,Hood,,procedure,user,1_9u5YudriyjGAOOsm-8EVmkD0bD6SvVQZb4RuNEvKrg,Caustics/Metal Etch Hood,https://docs.google.com/document/d/1_9u5YudriyjGAOOsm-8EVmkD0bD6SvVQZb4RuNEvKrg/edit?usp=sharing,https://docs.google.com/document/d/1_9u5YudriyjGAOOsm-8EVmkD0bD6SvVQZb4RuNEvKrg/export?format=pdf,registry,ok,
chem-piranha-hf-hood,Piranha/HF Hood,chem,Piranha/HF Hood,Hood,,procedure,user,1Gcfy5zHprGlI_ZHOKh8N3v_X1wO9ndRzPOorbETv7g0,Piranha/HF Hood,https://docs.google.com/document/d/1Gcfy5zHprGlI_ZHOKh8N3v_X1wO9ndRzPOorbETv7g0/edit?usp=sharing,https://docs.google.com/document/d/1Gcfy5zHprGlI_ZHOKh8N3v_X1wO9ndRzPOorbETv7g0/export?format=pdf,registry,ok,
policy-becoming-a-nanofab-user,Getting Started in the Nanofab,policy,Becoming a Nanofab User,,Getting Started in the Nanofab,policy,user,1WzJh-JIVJhJRlmDeTlwibXwsdp1JH-A4RMS0WEP63CY,Getting Started in the Nanofab,https://docs.google.com/document/d/1WzJh-JIVJhJRlmDeTlwibXwsdp1JH-A4RMS0WEP63CY/edit?usp=sharing,https://docs.google.com/document/d/1WzJh-JIVJhJRlmDeTlwibXwsdp1JH-A4RMS0WEP63CY/export?format=pdf,registry,ok,Policy: no asset link
policy-c-14,Applying for a C-14 at ASRC,policy,C-14,,Applying for a C-14 at ASRC,policy,user,1wxldtt0HAxqAhj__62KHGnug-Hdfc21pm3gg9mrBhIE,Applying for a C-14 at ASRC,https://docs.google.com/document/d/1wxldtt0HAxqAhj__62KHGnug-Hdfc21pm3gg9mrBhIE/edit?usp=sharing,https://docs.google.com/document/d/1wxldtt0HAxqAhj__62KHGnug-Hdfc21pm3gg9mrBhIE/export?format=pdf,registry,ok,Policy: no asset link
policy-lab-manual,Lab Manual - Rules of Conduct and Use,policy,Lab Manual,,Lab Manual - Rules of Conduct and Use,policy,user,1qzcJ_VQbIsTaRefLxhnhzaancla2f7Q7IbotATD6YJU,Lab Manual - Rules of Conduct and Use,https://docs.google.com/document/d/1qzcJ_VQbIsTaRefLxhnhzaancla2f7Q7IbotATD6YJU/edit?usp=sharing,https://docs.google.com/document/d/1qzcJ_VQbIsTaRefLxhnhzaancla2f7Q7IbotATD6YJU/export?format=pdf,registry,ok,Policy: no asset link
policy-safety-manual,Lab Manual - Safety,policy,Safety Manual,,Lab Manual - Safety,policy,user,187RZSPDB9wpZXlKId2_d5mGpKgp5suuu95ipNXFHyPw,Lab Manual - Safety,https://docs.google.com/document/d/187RZSPDB9wpZXlKId2_d5mGpKgp5suuu95ipNXFHyPw/edit?usp=sharing,https://docs.google.com/document/d/187RZSPDB9wpZXlKId2_d5mGpKgp5suuu95ipNXFHyPw/export?format=pdf,registry,ok,Policy: no asset link
policy-lab-suspension,Suspension of After-Hours Access,policy,Lab Suspension,,Suspension of After-Hours Access,policy,user,1H5BNvSj7EzHJ6-9Pjn1EpoTDeR8hgMribRgxNWJGK_g,Suspension of After-Hours Access,https://docs.google.com/document/d/1H5BNvSj7EzHJ6-9Pjn1EpoTDeR8hgMribRgxNWJGK_g/edit?usp=sharing,https://docs.google.com/document/d/1H5BNvSj7EzHJ6-9Pjn1EpoTDeR8hgMribRgxNWJGK_g/export?format=pdf,registry,ok,Policy: no asset link
ex-pecvd-repair,PECVD repair SOP,,,,,procedure,staff,,,,,example,example,Staff procedure from the worked example. Paste the real Google file id and name when you have the file.
ex-plasmapro-manual,Oxford PlasmaPro manual,,,,,manual,staff,,,,,example,example,Manufacturer manual from the worked example. Not a registry row.
ex-pecvd-oxide-recipe,PECVD oxide recipe,,,,,recipe,user,,,,,example,example,Recipe from the worked example. Not a registry row.
ex-deposition-contract,2026 deposition service contract,,,,,contract,staff,,,,,example,example,"One file, three about-links. Not a registry row."
ex-chiller-po,Chiller purchase order,,,,,procurement,staff,,,,,example,example,Procurement file from the worked example. Not a registry row.
